1,Joao,joao@yahoo,Sofá,Moveis,2,3521.0,2026-03-08
2,Pedro,pedro@gmail,Teclado,Eletronicos,2,360.0,2026-07-16
3,Bruno,bruno@hotmail,Mesa,Moveis,2,426.0,2026-06-21
4,Pedro,pedro@hotmail,Sofá,Moveis,3,3433.0,2026-12-20
5,Lucas,lucas@gmail,Cadeira,Moveis,3,709.0,2026-11-04
6,Ana,,Cadeira,Moveis,1,1221.0,2026-02-08
7,Maria,maria@gmail,Armário,Moveis,2,145.0,2026-02-14
8,Joao,joao@hotmail,Mouse,Eletronicos,3,1290.0,2026-11-03
9,Maria,maria@hotmail,TV,Eletronicos,2,868.0,2026-06-15
10,Marcos,marcos@gmail,Teclado,Eletronicos,1,1121.0,2026-01-21
11,Maria,maria@hotmail,Mesa,Moveis,2,2872.0,2026-01-16
12,Joao,joao@yahoo,Mesa,Moveis,2,3150.0,2026-03-20
13,Maria,maria@hotmail,Monitor,Eletronicos,2,1144.0,2026-03-04
14,Maria,maria@gmail,Cama,Moveis,3,152.0,2026-04-17
15,Julia,julia@hotmail,Cadeira,Moveis,3,171.0,2026-05-06
16,Carlos,carlos@gmail,Armário,Moveis,1,1907.0,2026-08-11
17,Pedro,pedro@yahoo,Headset,Eletronicos,3,1492.0,2026-07-15
18,Pedro,pedro@outlook,Armário,Moveis,3,3235.0,2026-01-11
19,Lucas,lucas@hotmail,Teclado,Eletronicos,3,339.0,2026-01-18
20,Bruno,bruno@outlook,Armário,Moveis,3,1857.0,2026-11-21
21,Marcos,marcos@hotmail,Mesa,Moveis,1,873.0,2026-12-10
22,Fernanda,fernanda@hotmail,TV,Eletronicos,1,1117.0,2026-10-12
23,Marcos,marcos@gmail,Armário,Moveis,1,2992.0,2026-09-10
24,Ana,,Notebook,Eletronicos,3,1792.0,2026-11-25
25,Pedro,pedro@yahoo,Cadeira,Moveis,3,2661.0,2026-12-09
26,Pedro,pedro@yahoo,Cadeira,Moveis,2,3551.0,2026-07-08
27,Lucas,lucas@gmail,Armário,Moveis,1,1716.0,2026-06-06
28,Joao,joao@gmail,TV,Eletronicos,3,885.0,2026-09-21
29,Ana,,Notebook,Eletronicos,1,472.0,2026-11-07
30,Lucas,lucas@hotmail,Mesa,Moveis,2,1740.0,2026-10-22
31,Joao,joao@gmail,Monitor,Eletronicos,2,1261.0,2026-11-18
32,Joao,joao@outlook,Sofá,Moveis,2,3055.0,2026-07-03
33,Ana,,Armário,Moveis,3,428.0,2026-03-13
34,Lucas,lucas@hotmail,Cama,Moveis,3,2629.0,2026-05-08
35,Fernanda,fernanda@hotmail,Teclado,Eletronicos,1,1675.0,2026-12-13
36,Bruno,bruno@yahoo,Teclado,Eletronicos,3,2311.0,2026-07-06
37,Carlos,carlos@hotmail,Armário,Moveis,3,128.0,2026-10-12
38,Lucas,lucas@gmail,Cama,Moveis,2,2593.0,2026-03-14
39,Ana,,Cadeira,Moveis,2,389.0,2026-06-04
40,Maria,maria@outlook,Mesa,Moveis,3,1664.0,2026-08-10
41,Ana,,Cama,Moveis,2,713.0,2026-07-12
42,Joao,joao@outlook,Cadeira,Moveis,2,1564.0,2026-04-11
43,Maria,maria@outlook,Armário,Moveis,1,3163.0,2026-11-14
44,Marcos,marcos@hotmail,TV,Eletronicos,2,447.0,2026-11-19
45,Ana,,Cama,Moveis,2,2709.0,2026-11-15
46,Julia,julia@gmail,Cama,Moveis,2,355.0,2026-01-04
47,Joao,joao@outlook,Sofá,Moveis,1,1602.0,2026-09-25
48,Julia,julia@hotmail,TV,Eletronicos,3,627.0,2026-11-03
49,Julia,julia@gmail,Headset,Eletronicos,3,2336.0,2026-12-04
50,Lucas,lucas@hotmail,Teclado,Eletronicos,3,1801.0,2026-05-19
51,Ana,,Headset,Eletronicos,3,2105.0,2026-04-01
52,Ana,,Monitor,Eletronicos,2,1672.0,2026-12-13
53,Marcos,marcos@outlook,Sofá,Moveis,1,2689.0,2026-08-01
54,Carlos,carlos@gmail,Mouse,Eletronicos,3,2591.0,2026-12-20
55,Carlos,carlos@gmail,Teclado,Eletronicos,1,2281.0,2026-10-02
56,Lucas,lucas@hotmail,Monitor,Eletronicos,2,139.0,2026-10-11
57,Joao,joao@outlook,Teclado,Eletronicos,3,2332.0,2026-11-07
58,Joao,joao@yahoo,Monitor,Eletronicos,2,632.0,2026-02-08
59,Maria,maria@hotmail,Armário,Moveis,2,533.0,2026-09-25
60,Ana,,Headset,Eletronicos,3,2491.0,2026-06-18
61,Marcos,marcos@hotmail,TV,Eletronicos,3,2162.0,2026-11-10
62,Maria,maria@hotmail,Notebook,Eletronicos,1,104.0,2026-04-04
63,Ana,,Monitor,Eletronicos,2,2869.0,2026-04-09
64,Carlos,carlos@gmail,Notebook,Eletronicos,3,2441.0,2026-10-08
65,Marcos,marcos@outlook,Headset,Eletronicos,3,2254.0,2026-02-24
66,Bruno,bruno@yahoo,Teclado,Eletronicos,3,2924.0,2026-01-01
67,Julia,julia@yahoo,Monitor,Eletronicos,2,1498.0,2026-04-13
68,Marcos,marcos@outlook,TV,Eletronicos,3,280.0,2026-01-19
69,Fernanda,fernanda@gmail,Teclado,Eletronicos,3,1856.0,2026-03-16
70,Lucas,lucas@yahoo,Monitor,Eletronicos,1,3371.0,2026-05-21
71,Marcos,marcos@gmail,Armário,Moveis,2,2475.0,2026-04-09
72,Fernanda,fernanda@gmail,Mesa,Moveis,1,732.0,2026-08-25
73,Julia,julia@hotmail,Teclado,Eletronicos,1,3457.0,2026-10-24
74,Bruno,bruno@hotmail,Sofá,Moveis,1,2150.0,2026-01-24
75,Ana,,Cama,Moveis,1,1585.0,2026-04-12
76,Carlos,carlos@yahoo,Notebook,Eletronicos,3,3038.0,2026-05-22
77,Ana,,Sofá,Moveis,2,2588.0,2026-04-13
78,Fernanda,fernanda@gmail,TV,Eletronicos,1,2128.0,2026-04-12
79,Marcos,marcos@outlook,Armário,Moveis,1,198.0,2026-12-02
80,Ana,,Mesa,Moveis,2,965.0,2026-11-23
81,Carlos,carlos@yahoo,Mesa,Moveis,1,3282.0,2026-08-20
82,Carlos,carlos@gmail,Mouse,Eletronicos,3,2993.0,2026-06-19
83,Fernanda,fernanda@hotmail,Mouse,Eletronicos,3,1997.0,2026-01-23
84,Pedro,pedro@yahoo,Sofá,Moveis,2,1350.0,2026-10-12
85,Fernanda,fernanda@gmail,Headset,Eletronicos,1,2130.0,2026-10-09
86,Ana,,Cadeira,Moveis,2,2182.0,2026-07-19
87,Julia,julia@yahoo,Monitor,Eletronicos,2,1520.0,2026-01-25
88,Maria,maria@outlook,Teclado,Eletronicos,1,3472.0,2026-03-02
89,Maria,maria@yahoo,Cama,Moveis,1,1312.0,2026-07-07
90,Pedro,pedro@yahoo,Cadeira,Moveis,3,202.0,2026-12-24
91,Bruno,bruno@hotmail,Cama,Moveis,1,2487.0,2026-07-18
92,Lucas,lucas@gmail,Sofá,Moveis,1,2255.0,2026-12-17
93,Maria,maria@yahoo,Armário,Moveis,3,2341.0,2026-10-22
94,Joao,joao@outlook,Cama,Moveis,3,1362.0,2026-12-07
95,Julia,julia@gmail,Mouse,Eletronicos,1,894.0,2026-12-16
96,Ana,,Armário,Moveis,2,1488.0,2026-12-24
97,Joao,joao@yahoo,TV,Eletronicos,2,1993.0,2026-11-18
98,Pedro,pedro@hotmail,Teclado,Eletronicos,1,3465.0,2026-11-07
99,Carlos,carlos@gmail,Mesa,Moveis,2,3083.0,2026-06-06
100,Maria,maria@yahoo,Monitor,Eletronicos,3,3294.0,2026-08-14
101,Julia,julia@yahoo,Teclado,Eletronicos,2,2826.0,2026-02-22
102,Bruno,bruno@gmail,Headset,Eletronicos,2,2023.0,2026-06-21
103,Joao,joao@outlook,Teclado,Eletronicos,2,3375.0,2026-08-19
104,Ana,,Mesa,Moveis,2,810.0,2026-02-01
105,Ana,,Cama,Moveis,1,1395.0,2026-08-01
106,Joao,joao@hotmail,Notebook,Eletronicos,2,2641.0,2026-12-17
107,Maria,maria@hotmail,TV,Eletronicos,3,284.0,2026-06-23
108,Bruno,bruno@hotmail,Armário,Moveis,2,2259.0,2026-09-15
109,Ana,,Sofá,Moveis,2,777.0,2026-12-21
110,Ana,,Armário,Moveis,1,3358.0,2026-05-05
111,Joao,joao@gmail,Sofá,Moveis,1,2565.0,2026-01-23
112,Pedro,pedro@gmail,Armário,Moveis,3,437.0,2026-01-14
113,Marcos,marcos@hotmail,TV,Eletronicos,3,3362.0,2026-10-16
114,Pedro,pedro@outlook,Monitor,Eletronicos,2,1815.0,2026-01-23
115,Marcos,marcos@outlook,Armário,Moveis,2,1559.0,2026-03-22
116,Joao,joao@yahoo,Headset,Eletronicos,3,2449.0,2026-02-05
117,Julia,julia@hotmail,Mesa,Moveis,3,805.0,2026-10-24
118,Ana,,Cadeira,Moveis,2,2079.0,2026-05-14
119,Carlos,carlos@outlook,Mesa,Moveis,3,2529.0,2026-07-15
120,Lucas,lucas@hotmail,Monitor,Eletronicos,2,2203.0,2026-05-24
121,Maria,maria@hotmail,Armário,Moveis,2,1271.0,2026-05-06
122,Julia,julia@outlook,Teclado,Eletronicos,2,2499.0,2026-08-18
123,Julia,julia@gmail,Monitor,Eletronicos,2,919.0,2026-10-12
124,Pedro,pedro@outlook,Notebook,Eletronicos,1,953.0,2026-05-24
125,Carlos,carlos@yahoo,Headset,Eletronicos,3,2871.0,2026-02-10
126,Julia,julia@yahoo,Mouse,Eletronicos,1,3457.0,2026-10-22
127,Joao,joao@hotmail,Monitor,Eletronicos,3,3126.0,2026-06-22
128,Bruno,bruno@yahoo,Teclado,Eletronicos,3,497.0,2026-03-02
129,Maria,maria@hotmail,Teclado,Eletronicos,1,2682.0,2026-01-04
130,Marcos,marcos@hotmail,Cama,Moveis,2,1360.0,2026-04-06
131,Joao,joao@yahoo,Notebook,Eletronicos,1,1649.0,2026-02-23
132,Maria,maria@yahoo,Notebook,Eletronicos,2,2135.0,2026-01-05
133,Lucas,lucas@hotmail,Mesa,Moveis,2,1235.0,2026-07-16
134,Pedro,pedro@hotmail,Cama,Moveis,1,3277.0,2026-08-24
135,Carlos,carlos@gmail,Mouse,Eletronicos,1,725.0,2026-06-03
136,Fernanda,fernanda@gmail,Mouse,Eletronicos,2,2022.0,2026-01-01
137,Bruno,bruno@yahoo,Sofá,Moveis,1,1922.0,2026-07-23
138,Joao,joao@hotmail,Cama,Moveis,2,2659.0,2026-12-23
139,Julia,julia@gmail,Mouse,Eletronicos,1,2001.0,2026-06-24
140,Marcos,marcos@outlook,TV,Eletronicos,1,2034.0,2026-06-09
141,Julia,julia@gmail,Cama,Moveis,3,3504.0,2026-05-14
142,Joao,joao@yahoo,Cadeira,Moveis,3,2755.0,2026-12-06
143,Bruno,bruno@outlook,Mesa,Moveis,2,882.0,2026-07-07
144,Lucas,lucas@gmail,Teclado,Eletronicos,3,1984.0,2026-01-15
145,Bruno,bruno@yahoo,Cama,Moveis,1,1528.0,2026-05-16
146,Fernanda,fernanda@hotmail,Cama,Moveis,2,3483.0,2026-10-08
147,Marcos,marcos@hotmail,Cadeira,Moveis,1,894.0,2026-12-08
148,Joao,joao@gmail,Notebook,Eletronicos,1,1383.0,2026-09-11
149,Carlos,carlos@hotmail,Armário,Moveis,2,1115.0,2026-08-16
150,Carlos,carlos@hotmail,Headset,Eletronicos,3,3166.0,2026-12-01
151,Bruno,bruno@yahoo,Mouse,Eletronicos,2,1172.0,2026-10-13
152,Joao,joao@hotmail,Cadeira,Moveis,1,1579.0,2026-06-14
153,Carlos,carlos@hotmail,Sofá,Moveis,3,1096.0,2026-09-15
154,Marcos,marcos@yahoo,Monitor,Eletronicos,2,2029.0,2026-10-02
155,Maria,maria@gmail,Sofá,Moveis,2,733.0,2026-07-14
156,Lucas,lucas@yahoo,Teclado,Eletronicos,1,2773.0,2026-08-06
157,Pedro,pedro@outlook,Sofá,Moveis,3,1815.0,2026-04-12
158,Carlos,carlos@outlook,Mesa,Moveis,3,1183.0,2026-02-15
159,Fernanda,fernanda@outlook,Sofá,Moveis,2,844.0,2026-05-19
160,Pedro,pedro@outlook,Notebook,Eletronicos,1,3109.0,2026-08-07
161,Carlos,carlos@outlook,TV,Eletronicos,3,1693.0,2026-02-15
162,Marcos,marcos@outlook,Mesa,Moveis,1,901.0,2026-02-07
163,Fernanda,fernanda@outlook,Cadeira,Moveis,2,246.0,2026-11-10
164,Marcos,marcos@yahoo,Cama,Moveis,1,3053.0,2026-01-24
165,Bruno,bruno@hotmail,Mesa,Moveis,2,3449.0,2026-10-17
166,Ana,,Armário,Moveis,2,1382.0,2026-01-02
167,Joao,joao@gmail,Armário,Moveis,2,2473.0,2026-02-05
168,Pedro,pedro@gmail,Mouse,Eletronicos,1,596.0,2026-07-14
169,Joao,joao@outlook,Monitor,Eletronicos,3,388.0,2026-08-15
170,Joao,joao@outlook,TV,Eletronicos,1,1862.0,2026-11-20
171,Ana,,Mesa,Moveis,1,420.0,2026-05-16
172,Carlos,carlos@hotmail,Sofá,Moveis,2,2227.0,2026-02-19
173,Julia,julia@yahoo,Mouse,Eletronicos,3,433.0,2026-12-07
174,Lucas,lucas@yahoo,Headset,Eletronicos,1,3162.0,2026-01-12
175,Marcos,marcos@gmail,Sofá,Moveis,3,1848.0,2026-12-12
176,Marcos,marcos@yahoo,Armário,Moveis,2,3560.0,2026-07-12
177,Maria,maria@hotmail,Monitor,Eletronicos,3,2040.0,2026-11-25
178,Maria,maria@hotmail,Cadeira,Moveis,2,629.0,2026-02-10
179,Lucas,lucas@outlook,Mesa,Moveis,1,2260.0,2026-11-03
180,Maria,maria@outlook,Mesa,Moveis,1,1710.0,2026-05-19
181,Julia,julia@yahoo,Armário,Moveis,1,3510.0,2026-12-19
182,Ana,,Teclado,Eletronicos,1,3319.0,2026-06-20
183,Julia,julia@yahoo,Cadeira,Moveis,3,3245.0,2026-03-24
184,Maria,maria@yahoo,Teclado,Eletronicos,2,2574.0,2026-08-07
185,Ana,,Monitor,Eletronicos,2,2006.0,2026-11-08
186,Maria,maria@hotmail,Mouse,Eletronicos,1,1573.0,2026-09-09
187,Carlos,carlos@gmail,Cama,Moveis,2,2602.0,2026-11-11
188,Fernanda,fernanda@outlook,Cama,Moveis,3,2167.0,2026-01-15
189,Joao,joao@hotmail,Cadeira,Moveis,2,2145.0,2026-05-14
190,Maria,maria@hotmail,Mouse,Eletronicos,2,939.0,2026-04-07
191,Joao,joao@outlook,Armário,Moveis,1,1931.0,2026-03-16
192,Julia,julia@yahoo,Mesa,Moveis,3,2210.0,2026-03-03
193,Marcos,marcos@hotmail,TV,Eletronicos,3,290.0,2026-01-11
194,Julia,julia@yahoo,Cama,Moveis,3,1360.0,2026-10-09
195,Lucas,lucas@yahoo,Mouse,Eletronicos,1,101.0,2026-03-09
196,Joao,joao@yahoo,Cama,Moveis,3,1386.0,2026-06-08
197,Joao,joao@hotmail,Mesa,Moveis,3,362.0,2026-11-07
198,Maria,maria@yahoo,Cadeira,Moveis,1,2900.0,2026-11-22
199,Maria,maria@yahoo,Armário,Moveis,2,3231.0,2026-04-13
200,Marcos,marcos@hotmail,Cadeira,Moveis,1,215.0,2026-11-22
201,Joao,joao@yahoo,Mouse,Eletronicos,3,1091.0,2026-11-15
202,Maria,maria@gmail,Mouse,Eletronicos,1,2415.0,2026-08-08
203,Pedro,pedro@yahoo,Monitor,Eletronicos,2,2966.0,2026-09-06
204,Lucas,lucas@outlook,Mesa,Moveis,2,1290.0,2026-04-25
205,Pedro,pedro@yahoo,Armário,Moveis,1,2312.0,2026-06-15
206,Joao,joao@hotmail,Headset,Eletronicos,1,2094.0,2026-04-02
207,Fernanda,fernanda@hotmail,Headset,Eletronicos,1,2945.0,2026-10-25
208,Marcos,marcos@hotmail,Sofá,Moveis,1,694.0,2026-07-05
209,Maria,maria@hotmail,Headset,Eletronicos,2,2078.0,2026-11-23
210,Lucas,lucas@outlook,Headset,Eletronicos,2,1485.0,2026-07-23
211,Maria,maria@gmail,Cadeira,Moveis,2,1268.0,2026-08-03
212,Pedro,pedro@gmail,Mouse,Eletronicos,3,3548.0,2026-12-21
213,Ana,,Armário,Moveis,3,1384.0,2026-06-20
214,Maria,maria@hotmail,TV,Eletronicos,2,1851.0,2026-01-03
215,Joao,joao@outlook,Mesa,Moveis,3,2532.0,2026-06-10
216,Marcos,marcos@outlook,Mouse,Eletronicos,3,3495.0,2026-05-02
217,Joao,joao@outlook,Mouse,Eletronicos,1,3295.0,2026-04-25
218,Bruno,bruno@yahoo,Sofá,Moveis,2,3388.0,2026-07-18
219,Pedro,pedro@gmail,Notebook,Eletronicos,1,316.0,2026-04-20
220,Lucas,lucas@yahoo,Teclado,Eletronicos,1,3148.0,2026-04-01
221,Fernanda,fernanda@yahoo,Teclado,Eletronicos,3,2093.0,2026-03-21
222,Julia,julia@gmail,Armário,Moveis,3,3325.0,2026-12-17
223,Pedro,pedro@yahoo,Headset,Eletronicos,3,1173.0,2026-02-25
224,Marcos,marcos@outlook,Cama,Moveis,1,1029.0,2026-08-21
225,Fernanda,fernanda@gmail,Cama,Moveis,2,129.0,2026-05-10
226,Maria,maria@hotmail,Sofá,Moveis,2,2101.0,2026-08-21
227,Bruno,bruno@gmail,Teclado,Eletronicos,3,622.0,2026-01-25
228,Fernanda,fernanda@outlook,Armário,Moveis,3,1033.0,2026-09-16
229,Maria,maria@yahoo,Headset,Eletronicos,1,3332.0,2026-10-21
230,Carlos,carlos@hotmail,Monitor,Eletronicos,1,2212.0,2026-04-17
231,Ana,,Headset,Eletronicos,3,1867.0,2026-04-19
232,Carlos,carlos@gmail,Cadeira,Moveis,1,577.0,2026-04-24
233,Carlos,carlos@yahoo,Armário,Moveis,1,637.0,2026-04-25
234,Fernanda,fernanda@yahoo,Mesa,Moveis,1,375.0,2026-11-11
235,Maria,maria@gmail,Cama,Moveis,1,153.0,2026-07-09
236,Lucas,lucas@yahoo,Headset,Eletronicos,2,1559.0,2026-12-25
237,Julia,julia@yahoo,Teclado,Eletronicos,3,3417.0,2026-05-23
238,Marcos,marcos@gmail,Teclado,Eletronicos,1,3001.0,2026-05-04
239,Fernanda,fernanda@yahoo,Teclado,Eletronicos,2,3115.0,2026-07-05
240,Carlos,carlos@yahoo,TV,Eletronicos,3,1431.0,2026-01-19
241,Julia,julia@yahoo,Notebook,Eletronicos,1,1483.0,2026-04-20
242,Marcos,marcos@gmail,Sofá,Moveis,3,847.0,2026-02-06
243,Ana,,Cadeira,Moveis,3,1738.0,2026-07-15
244,Joao,joao@gmail,Armário,Moveis,3,1104.0,2026-04-10
245,Marcos,marcos@gmail,TV,Eletronicos,2,271.0,2026-06-18
246,Bruno,bruno@hotmail,TV,Eletronicos,3,2916.0,2026-03-18
247,Ana,,Monitor,Eletronicos,2,953.0,2026-03-05
248,Fernanda,fernanda@yahoo,Cama,Moveis,2,2634.0,2026-12-07
249,Julia,julia@outlook,Armário,Moveis,2,438.0,2026-06-18
250,Pedro,pedro@outlook,Cadeira,Moveis,3,2296.0,2026-03-10
251,Marcos,marcos@hotmail,Mouse,Eletronicos,2,2732.0,2026-03-14
252,Pedro,pedro@hotmail,TV,Eletronicos,2,3490.0,2026-09-16
253,Lucas,lucas@gmail,Teclado,Eletronicos,1,1299.0,2026-12-11
254,Joao,joao@outlook,Cadeira,Moveis,3,2196.0,2026-10-01
255,Fernanda,fernanda@outlook,Cama,Moveis,3,2196.0,2026-04-04
256,Julia,julia@outlook,Mesa,Moveis,2,839.0,2026-11-13
257,Lucas,lucas@gmail,TV,Eletronicos,2,3350.0,2026-12-23
258,Bruno,bruno@hotmail,Teclado,Eletronicos,1,115.0,2026-05-05
259,Julia,julia@outlook,Monitor,Eletronicos,3,2896.0,2026-05-11
260,Maria,maria@hotmail,TV,Eletronicos,3,1977.0,2026-11-15
261,Ana,,Mesa,Moveis,1,2188.0,2026-11-08
262,Lucas,lucas@hotmail,TV,Eletronicos,1,3458.0,2026-10-09
263,Pedro,pedro@yahoo,Mouse,Eletronicos,2,1413.0,2026-10-11
264,Carlos,carlos@hotmail,TV,Eletronicos,1,1925.0,2026-12-15
265,Marcos,marcos@hotmail,Armário,Moveis,2,2877.0,2026-12-15
266,Pedro,pedro@outlook,TV,Eletronicos,3,2244.0,2026-03-02
267,Maria,maria@yahoo,Monitor,Eletronicos,2,1442.0,2026-04-21
268,Bruno,bruno@gmail,TV,Eletronicos,2,2162.0,2026-06-20
269,Maria,maria@gmail,Notebook,Eletronicos,3,3312.0,2026-11-13
270,Carlos,carlos@yahoo,Notebook,Eletronicos,1,2206.0,2026-04-09
271,Fernanda,fernanda@yahoo,Cadeira,Moveis,3,788.0,2026-05-14
272,Fernanda,fernanda@hotmail,Armário,Moveis,1,3533.0,2026-01-21
273,Carlos,carlos@hotmail,Cama,Moveis,2,957.0,2026-08-25
274,Joao,joao@hotmail,Sofá,Moveis,1,223.0,2026-11-22
275,Marcos,marcos@hotmail,Sofá,Moveis,3,937.0,2026-11-20
276,Lucas,lucas@outlook,Armário,Moveis,2,2641.0,2026-10-08
277,Marcos,marcos@yahoo,Teclado,Eletronicos,1,260.0,2026-12-20
278,Bruno,bruno@yahoo,Mesa,Moveis,3,663.0,2026-02-04
279,Maria,maria@hotmail,Mouse,Eletronicos,1,712.0,2026-06-15
280,Fernanda,fernanda@hotmail,TV,Eletronicos,2,1859.0,2026-12-05
281,Julia,julia@hotmail,Mouse,Eletronicos,3,2778.0,2026-02-08
282,Lucas,lucas@yahoo,Cadeira,Moveis,2,1395.0,2026-01-12
283,Pedro,pedro@gmail,Mouse,Eletronicos,1,474.0,2026-09-21
284,Joao,joao@hotmail,TV,Eletronicos,2,1734.0,2026-08-09
285,Ana,,Monitor,Eletronicos,2,811.0,2026-10-05
286,Fernanda,fernanda@yahoo,Mouse,Eletronicos,3,1314.0,2026-02-11
287,Joao,joao@hotmail,Mesa,Moveis,2,3382.0,2026-07-17
288,Lucas,lucas@outlook,Notebook,Eletronicos,3,2658.0,2026-12-24
289,Joao,joao@gmail,Headset,Eletronicos,2,2838.0,2026-01-20
290,Maria,maria@gmail,Armário,Moveis,1,1284.0,2026-11-18
291,Julia,julia@outlook,TV,Eletronicos,1,2693.0,2026-11-10
292,Carlos,carlos@gmail,Sofá,Moveis,1,2176.0,2026-10-12
293,Bruno,bruno@hotmail,Notebook,Eletronicos,1,1931.0,2026-02-20
294,Fernanda,fernanda@outlook,Teclado,Eletronicos,3,2854.0,2026-07-12
295,Carlos,carlos@yahoo,Mesa,Moveis,3,361.0,2026-06-06
296,Carlos,carlos@hotmail,Cadeira,Moveis,3,1367.0,2026-01-13
297,Carlos,carlos@outlook,Teclado,Eletronicos,2,466.0,2026-05-18
298,Pedro,pedro@yahoo,Armário,Moveis,1,1328.0,2026-06-20
299,Ana,,Mouse,Eletronicos,2,237.0,2026-10-15
300,Carlos,carlos@yahoo,Mouse,Eletronicos,3,3463.0,2026-06-13
301,Carlos,carlos@outlook,Monitor,Eletronicos,2,792.0,2026-06-12
302,Lucas,lucas@gmail,Mesa,Moveis,3,1112.0,2026-09-25
303,Maria,maria@outlook,Cama,Moveis,2,1058.0,2026-02-05
304,Maria,maria@outlook,Teclado,Eletronicos,1,1485.0,2026-12-22
305,Bruno,bruno@yahoo,Mesa,Moveis,2,273.0,2026-10-02
306,Maria,maria@yahoo,Mesa,Moveis,2,2629.0,2026-07-22
307,Bruno,bruno@gmail,Sofá,Moveis,3,2547.0,2026-02-11
308,Fernanda,fernanda@hotmail,Mesa,Moveis,1,2573.0,2026-03-04
309,Julia,julia@outlook,Monitor,Eletronicos,3,1380.0,2026-08-15
310,Julia,julia@hotmail,Monitor,Eletronicos,2,2028.0,2026-08-15
311,Joao,joao@gmail,Cama,Moveis,2,3353.0,2026-11-22
312,Bruno,bruno@yahoo,Sofá,Moveis,2,3022.0,2026-07-12
313,Bruno,bruno@hotmail,Mesa,Moveis,1,1845.0,2026-12-03
314,Maria,maria@gmail,Cadeira,Moveis,2,2403.0,2026-08-18
315,Joao,joao@yahoo,Notebook,Eletronicos,1,935.0,2026-08-24
316,Pedro,pedro@outlook,TV,Eletronicos,2,3332.0,2026-01-11
317,Carlos,carlos@yahoo,Sofá,Moveis,3,1381.0,2026-07-23
318,Bruno,bruno@hotmail,Armário,Moveis,1,434.0,2026-04-11
319,Maria,maria@gmail,Mesa,Moveis,3,2305.0,2026-01-14
320,Joao,joao@gmail,TV,Eletronicos,2,2995.0,2026-03-19
321,Fernanda,fernanda@gmail,Teclado,Eletronicos,1,2459.0,2026-11-20
322,Fernanda,fernanda@gmail,Notebook,Eletronicos,1,1171.0,2026-07-17
323,Carlos,carlos@hotmail,Mesa,Moveis,2,1812.0,2026-02-09
324,Marcos,marcos@yahoo,Notebook,Eletronicos,1,1908.0,2026-08-22
325,Lucas,lucas@hotmail,Armário,Moveis,2,3435.0,2026-11-19
326,Ana,,Armário,Moveis,2,1173.0,2026-01-08
327,Joao,joao@gmail,Headset,Eletronicos,2,1367.0,2026-08-11
328,Pedro,pedro@gmail,Cama,Moveis,1,1763.0,2026-01-20
329,Ana,,Sofá,Moveis,1,1162.0,2026-12-25
330,Ana,,Notebook,Eletronicos,2,525.0,2026-03-11
331,Marcos,marcos@gmail,Mesa,Moveis,1,183.0,2026-06-20
332,Carlos,carlos@yahoo,Armário,Moveis,3,3563.0,2026-12-07
333,Joao,joao@gmail,Armário,Moveis,3,3535.0,2026-08-17
334,Marcos,marcos@hotmail,Mouse,Eletronicos,3,2705.0,2026-08-25
335,Ana,,Cadeira,Moveis,2,3395.0,2026-05-19
336,Pedro,pedro@outlook,Teclado,Eletronicos,2,3140.0,2026-04-04
337,Carlos,carlos@hotmail,Mesa,Moveis,1,2715.0,2026-06-15
338,Pedro,pedro@hotmail,Sofá,Moveis,2,1237.0,2026-08-18
339,Fernanda,fernanda@gmail,Mesa,Moveis,3,1047.0,2026-11-05
340,Pedro,pedro@hotmail,Teclado,Eletronicos,3,3310.0,2026-05-20
341,Fernanda,fernanda@outlook,Notebook,Eletronicos,2,3505.0,2026-10-02
342,Lucas,lucas@outlook,Cadeira,Moveis,1,439.0,2026-03-24
343,Ana,,Headset,Eletronicos,2,2852.0,2026-02-07
344,Pedro,pedro@yahoo,Armário,Moveis,3,106.0,2026-08-07
345,Ana,,Teclado,Eletronicos,3,1238.0,2026-04-01
346,Marcos,marcos@outlook,Mouse,Eletronicos,2,1314.0,2026-10-05
347,Maria,maria@hotmail,TV,Eletronicos,3,1125.0,2026-05-13
348,Carlos,carlos@outlook,Mouse,Eletronicos,3,2296.0,2026-03-17
349,Maria,maria@hotmail,Teclado,Eletronicos,3,1576.0,2026-09-03
350,Pedro,pedro@outlook,Armário,Moveis,1,2975.0,2026-08-10
351,Joao,joao@yahoo,Cadeira,Moveis,1,1795.0,2026-01-09
352,Julia,julia@gmail,Teclado,Eletronicos,3,3311.0,2026-09-08
353,Carlos,carlos@hotmail,Monitor,Eletronicos,2,2974.0,2026-04-20
354,Lucas,lucas@hotmail,Armário,Moveis,2,2524.0,2026-09-04
355,Carlos,carlos@yahoo,Cama,Moveis,2,2029.0,2026-04-08
356,Pedro,pedro@yahoo,Cadeira,Moveis,1,1983.0,2026-11-08
357,Pedro,pedro@outlook,Mesa,Moveis,1,1842.0,2026-05-05
358,Fernanda,fernanda@gmail,Cama,Moveis,1,909.0,2026-06-20
359,Lucas,lucas@gmail,Mesa,Moveis,2,843.0,2026-04-14
360,Ana,,Mesa,Moveis,2,281.0,2026-07-24
361,Maria,maria@outlook,Mouse,Eletronicos,2,1524.0,2026-01-06
362,Ana,,Headset,Eletronicos,2,129.0,2026-02-11
363,Carlos,carlos@outlook,Armário,Moveis,3,2014.0,2026-05-23
364,Pedro,pedro@gmail,TV,Eletronicos,3,852.0,2026-04-24
365,Joao,joao@outlook,Armário,Moveis,2,3504.0,2026-03-21
366,Pedro,pedro@outlook,TV,Eletronicos,3,1992.0,2026-05-02
367,Bruno,bruno@yahoo,Teclado,Eletronicos,1,1545.0,2026-05-03
368,Ana,,Cadeira,Moveis,3,1716.0,2026-02-17
369,Pedro,pedro@outlook,Mesa,Moveis,3,2783.0,2026-11-05
370,Carlos,carlos@outlook,Mouse,Eletronicos,2,283.0,2026-03-04
371,Ana,,Notebook,Eletronicos,3,2625.0,2026-10-08
372,Bruno,bruno@gmail,Teclado,Eletronicos,2,2118.0,2026-09-01
373,Lucas,lucas@yahoo,TV,Eletronicos,3,2008.0,2026-02-12
374,Joao,joao@gmail,Mesa,Moveis,3,317.0,2026-09-12
375,Maria,maria@outlook,Cama,Moveis,1,3025.0,2026-11-23
376,Lucas,lucas@gmail,Notebook,Eletronicos,3,229.0,2026-10-19
377,Joao,joao@outlook,Notebook,Eletronicos,2,2536.0,2026-06-15
378,Julia,julia@gmail,Mesa,Moveis,3,1538.0,2026-02-11
379,Lucas,lucas@gmail,Notebook,Eletronicos,1,2621.0,2026-04-04
380,Maria,maria@yahoo,Monitor,Eletronicos,3,2106.0,2026-12-14
381,Marcos,marcos@hotmail,Mesa,Moveis,2,2318.0,2026-01-05
382,Joao,joao@hotmail,Teclado,Eletronicos,3,2207.0,2026-10-06
383,Pedro,pedro@gmail,Sofá,Moveis,1,374.0,2026-06-25
384,Lucas,lucas@yahoo,Cama,Moveis,1,3200.0,2026-08-21
385,Maria,maria@hotmail,Cadeira,Moveis,3,2035.0,2026-11-21
386,Marcos,marcos@hotmail,Notebook,Eletronicos,1,2127.0,2026-06-06
387,Ana,,TV,Eletronicos,1,1503.0,2026-08-09
388,Ana,,Mouse,Eletronicos,2,1179.0,2026-08-11
389,Pedro,pedro@hotmail,Sofá,Moveis,1,3110.0,2026-02-04
390,Bruno,bruno@hotmail,Teclado,Eletronicos,2,319.0,2026-04-10
391,Lucas,lucas@gmail,Cama,Moveis,3,2865.0,2026-02-03
392,Pedro,pedro@outlook,Armário,Moveis,3,2396.0,2026-10-13
393,Julia,julia@gmail,Teclado,Eletronicos,3,3563.0,2026-12-07
394,Pedro,pedro@hotmail,Mesa,Moveis,2,286.0,2026-06-06
395,Lucas,lucas@gmail,Cadeira,Moveis,1,911.0,2026-01-14
396,Maria,maria@gmail,Notebook,Eletronicos,3,1107.0,2026-01-04
397,Bruno,bruno@hotmail,Notebook,Eletronicos,3,691.0,2026-08-13
398,Pedro,pedro@yahoo,Monitor,Eletronicos,2,2561.0,2026-04-08
399,Lucas,lucas@yahoo,Cadeira,Moveis,3,2926.0,2026-12-22
400,Carlos,carlos@gmail,Mouse,Eletronicos,1,2006.0,2026-10-04
401,Ana,,Sofá,Moveis,2,1137.0,2026-03-19
402,Marcos,marcos@outlook,Headset,Eletronicos,2,2011.0,2026-08-12
403,Joao,joao@gmail,Armário,Moveis,1,1620.0,2026-07-17
404,Marcos,marcos@yahoo,Notebook,Eletronicos,2,759.0,2026-12-19
405,Fernanda,fernanda@yahoo,Headset,Eletronicos,3,906.0,2026-04-13
406,Fernanda,fernanda@yahoo,Teclado,Eletronicos,2,1368.0,2026-12-12
407,Joao,joao@yahoo,Armário,Moveis,2,972.0,2026-06-01
408,Maria,maria@hotmail,Mesa,Moveis,2,1786.0,2026-11-12
409,Maria,maria@hotmail,Armário,Moveis,3,3597.0,2026-07-24
410,Maria,maria@outlook,Mesa,Moveis,1,2465.0,2026-08-07
411,Pedro,pedro@outlook,Monitor,Eletronicos,3,1915.0,2026-02-01
412,Joao,joao@yahoo,Teclado,Eletronicos,1,950.0,2026-11-24
413,Joao,joao@gmail,Mouse,Eletronicos,2,2434.0,2026-04-13
414,Ana,,Headset,Eletronicos,2,3097.0,2026-06-12
415,Ana,,Cadeira,Moveis,1,968.0,2026-10-02
416,Carlos,carlos@outlook,Cadeira,Moveis,2,2859.0,2026-05-03
417,Julia,julia@yahoo,Monitor,Eletronicos,2,2130.0,2026-12-24
418,Julia,julia@yahoo,Cadeira,Moveis,3,3096.0,2026-04-20
419,Pedro,pedro@hotmail,Notebook,Eletronicos,3,1872.0,2026-10-23
420,Bruno,bruno@yahoo,Cadeira,Moveis,3,3158.0,2026-04-21
421,Julia,julia@outlook,Notebook,Eletronicos,1,2928.0,2026-05-04
422,Joao,joao@hotmail,Mesa,Moveis,2,327.0,2026-01-06
423,Pedro,pedro@yahoo,Headset,Eletronicos,3,1673.0,2026-02-10
424,Fernanda,fernanda@hotmail,Armário,Moveis,1,2690.0,2026-12-11
425,Julia,julia@gmail,Cama,Moveis,3,3393.0,2026-05-21
426,Pedro,pedro@yahoo,Cama,Moveis,3,1186.0,2026-01-07
427,Joao,joao@gmail,Cama,Moveis,1,3146.0,2026-11-12
428,Ana,,Mesa,Moveis,2,2544.0,2026-01-13
429,Carlos,carlos@gmail,Mesa,Moveis,2,3024.0,2026-04-07
430,Fernanda,fernanda@yahoo,Sofá,Moveis,1,2579.0,2026-09-19
431,Joao,joao@outlook,Headset,Eletronicos,2,528.0,2026-12-20
432,Bruno,bruno@gmail,Teclado,Eletronicos,2,1171.0,2026-08-07
433,Pedro,pedro@outlook,Mouse,Eletronicos,2,1857.0,2026-05-02
434,Carlos,carlos@gmail,Mouse,Eletronicos,1,1376.0,2026-08-08
435,Lucas,lucas@outlook,TV,Eletronicos,1,582.0,2026-06-03
436,Pedro,pedro@hotmail,Monitor,Eletronicos,2,1147.0,2026-04-21
437,Pedro,pedro@yahoo,Mesa,Moveis,3,3209.0,2026-04-25
438,Bruno,bruno@gmail,Mesa,Moveis,3,1145.0,2026-06-14
439,Maria,maria@hotmail,Cama,Moveis,3,2781.0,2026-07-17
440,Fernanda,fernanda@hotmail,Cadeira,Moveis,2,2305.0,2026-01-07
441,Bruno,bruno@yahoo,Cama,Moveis,1,2051.0,2026-09-16
442,Joao,joao@outlook,TV,Eletronicos,2,3049.0,2026-07-02
443,Marcos,marcos@gmail,Headset,Eletronicos,2,824.0,2026-09-03
444,Fernanda,fernanda@gmail,Cadeira,Moveis,3,1280.0,2026-04-10
445,Pedro,pedro@outlook,Cama,Moveis,1,364.0,2026-04-02
446,Pedro,pedro@gmail,Cadeira,Moveis,1,2072.0,2026-04-09
447,Carlos,carlos@gmail,Sofá,Moveis,3,3047.0,2026-03-10
448,Ana,,TV,Eletronicos,3,1473.0,2026-08-24
449,Joao,joao@hotmail,Mouse,Eletronicos,3,1787.0,2026-10-07
450,Bruno,bruno@hotmail,Teclado,Eletronicos,2,787.0,2026-04-20
451,Joao,joao@hotmail,Notebook,Eletronicos,1,1155.0,2026-06-11
452,Carlos,carlos@hotmail,TV,Eletronicos,2,1699.0,2026-01-02
453,Joao,joao@outlook,Cama,Moveis,2,897.0,2026-02-06
454,Lucas,lucas@hotmail,TV,Eletronicos,2,173.0,2026-11-06
455,Fernanda,fernanda@gmail,TV,Eletronicos,1,115.0,2026-08-21
456,Joao,joao@hotmail,Headset,Eletronicos,1,550.0,2026-12-24
457,Pedro,pedro@gmail,Sofá,Moveis,1,2577.0,2026-05-04
458,Julia,julia@gmail,Teclado,Eletronicos,1,315.0,2026-02-17
459,Lucas,lucas@hotmail,Cadeira,Moveis,1,2436.0,2026-11-19
460,Ana,,Monitor,Eletronicos,3,263.0,2026-11-17
461,Marcos,marcos@hotmail,Monitor,Eletronicos,1,163.0,2026-09-07
462,Pedro,pedro@hotmail,Sofá,Moveis,3,1796.0,2026-12-21
463,Lucas,lucas@yahoo,Cama,Moveis,1,2717.0,2026-11-11
464,Lucas,lucas@yahoo,Mesa,Moveis,2,1033.0,2026-04-06
465,Joao,joao@outlook,Headset,Eletronicos,3,1184.0,2026-08-25
466,Pedro,pedro@outlook,Teclado,Eletronicos,1,140.0,2026-05-17
467,Maria,maria@yahoo,Monitor,Eletronicos,2,710.0,2026-02-01
468,Julia,julia@gmail,TV,Eletronicos,1,897.0,2026-11-25
469,Joao,joao@yahoo,Notebook,Eletronicos,1,427.0,2026-10-06
470,Marcos,marcos@outlook,Armário,Moveis,3,340.0,2026-09-06
471,Bruno,bruno@gmail,TV,Eletronicos,1,3472.0,2026-10-25
472,Bruno,bruno@gmail,Mouse,Eletronicos,2,1094.0,2026-10-06
473,Joao,joao@yahoo,Monitor,Eletronicos,2,2308.0,2026-05-03
474,Ana,,Armário,Moveis,1,871.0,2026-01-11
475,Julia,julia@hotmail,Monitor,Eletronicos,2,522.0,2026-06-24
476,Bruno,bruno@hotmail,Notebook,Eletronicos,2,164.0,2026-03-16
477,Carlos,carlos@yahoo,Cama,Moveis,3,1252.0,2026-07-21
478,Lucas,lucas@yahoo,Cama,Moveis,3,2910.0,2026-12-22
479,Maria,maria@outlook,Monitor,Eletronicos,1,3485.0,2026-11-11
480,Lucas,lucas@hotmail,Teclado,Eletronicos,3,2324.0,2026-09-19
481,Maria,maria@gmail,Cama,Moveis,2,1722.0,2026-07-03
482,Marcos,marcos@gmail,Armário,Moveis,3,2184.0,2026-06-19
483,Bruno,bruno@hotmail,Mouse,Eletronicos,1,848.0,2026-04-21
484,Fernanda,fernanda@hotmail,TV,Eletronicos,2,2461.0,2026-04-21
485,Marcos,marcos@outlook,Cadeira,Moveis,3,2991.0,2026-09-13
486,Maria,maria@yahoo,Teclado,Eletronicos,2,914.0,2026-12-24
487,Maria,maria@outlook,Cama,Moveis,3,3499.0,2026-01-16
488,Carlos,carlos@outlook,Notebook,Eletronicos,3,1968.0,2026-05-16
489,Fernanda,fernanda@gmail,Cadeira,Moveis,1,1982.0,2026-06-02
490,Carlos,carlos@gmail,Mesa,Moveis,1,1258.0,2026-01-15
491,Marcos,marcos@outlook,Headset,Eletronicos,3,2735.0,2026-10-18
492,Fernanda,fernanda@gmail,Headset,Eletronicos,1,1008.0,2026-03-15
493,Marcos,marcos@yahoo,Mesa,Moveis,3,204.0,2026-05-15
494,Fernanda,fernanda@yahoo,Headset,Eletronicos,3,1631.0,2026-01-01
495,Lucas,lucas@hotmail,Mesa,Moveis,3,783.0,2026-11-15
496,Joao,joao@yahoo,TV,Eletronicos,2,2693.0,2026-06-08
497,Bruno,bruno@yahoo,Notebook,Eletronicos,3,572.0,2026-06-20
498,Fernanda,fernanda@gmail,Mouse,Eletronicos,2,626.0,2026-12-02
499,Julia,julia@outlook,Monitor,Eletronicos,1,912.0,2026-05-12
500,Lucas,lucas@gmail,Cama,Moveis,1,3068.0,2026-07-09
501,Joao,joao@gmail,Mesa,Moveis,3,562.0,2026-01-24
502,Fernanda,fernanda@gmail,TV,Eletronicos,2,1933.0,2026-07-12
503,Joao,joao@hotmail,Mesa,Moveis,3,1757.0,2026-11-24
504,Maria,maria@hotmail,Notebook,Eletronicos,1,944.0,2026-09-19
505,Maria,maria@gmail,Monitor,Eletronicos,3,3255.0,2026-07-05
506,Marcos,marcos@gmail,Cadeira,Moveis,2,1784.0,2026-01-16
507,Marcos,marcos@gmail,Teclado,Eletronicos,2,3158.0,2026-06-06
508,Pedro,pedro@outlook,Armário,Moveis,2,3378.0,2026-12-08
509,Julia,julia@outlook,Teclado,Eletronicos,3,2002.0,2026-11-13
510,Ana,,Monitor,Eletronicos,3,3494.0,2026-06-11
511,Lucas,lucas@outlook,Cama,Moveis,2,1848.0,2026-04-22
512,Pedro,pedro@gmail,Cadeira,Moveis,3,1537.0,2026-04-20
513,Fernanda,fernanda@outlook,TV,Eletronicos,2,395.0,2026-02-17
514,Julia,julia@yahoo,Headset,Eletronicos,2,1307.0,2026-07-13
515,Pedro,pedro@yahoo,Headset,Eletronicos,1,626.0,2026-07-20
516,Fernanda,fernanda@gmail,Teclado,Eletronicos,3,1226.0,2026-02-21
517,Fernanda,fernanda@outlook,Teclado,Eletronicos,1,1507.0,2026-02-12
518,Ana,,Armário,Moveis,3,2772.0,2026-10-08
519,Bruno,bruno@gmail,Teclado,Eletronicos,3,297.0,2026-03-02
520,Marcos,marcos@hotmail,Mesa,Moveis,2,1096.0,2026-09-25
521,Bruno,bruno@outlook,Mesa,Moveis,3,2726.0,2026-09-25
522,Carlos,carlos@outlook,Mouse,Eletronicos,1,548.0,2026-05-06
523,Carlos,carlos@gmail,Notebook,Eletronicos,1,740.0,2026-06-19
524,Ana,,Cama,Moveis,1,555.0,2026-05-15
525,Marcos,marcos@yahoo,Teclado,Eletronicos,1,1771.0,2026-02-06
526,Fernanda,fernanda@hotmail,Cadeira,Moveis,3,3287.0,2026-08-22
527,Ana,,Cadeira,Moveis,2,3188.0,2026-02-16
528,Ana,,Mouse,Eletronicos,2,2268.0,2026-11-08
529,Marcos,marcos@hotmail,Armário,Moveis,1,2342.0,2026-02-09
530,Lucas,lucas@yahoo,Mesa,Moveis,2,518.0,2026-05-04
531,Joao,joao@outlook,Headset,Eletronicos,2,3100.0,2026-06-06
532,Carlos,carlos@outlook,Headset,Eletronicos,2,1130.0,2026-09-21
533,Fernanda,fernanda@outlook,Notebook,Eletronicos,3,2763.0,2026-11-25
534,Joao,joao@yahoo,Armário,Moveis,3,1453.0,2026-02-04
535,Pedro,pedro@gmail,Notebook,Eletronicos,2,2780.0,2026-10-14
536,Bruno,bruno@hotmail,Cadeira,Moveis,3,2929.0,2026-05-11
537,Lucas,lucas@gmail,TV,Eletronicos,3,2703.0,2026-07-07
538,Maria,maria@yahoo,Armário,Moveis,1,2410.0,2026-07-24
539,Julia,julia@gmail,Armário,Moveis,1,3149.0,2026-07-13
540,Bruno,bruno@hotmail,Cadeira,Moveis,3,814.0,2026-07-09
541,Lucas,lucas@hotmail,TV,Eletronicos,3,1778.0,2026-10-23
542,Bruno,bruno@hotmail,Notebook,Eletronicos,2,259.0,2026-02-09
543,Maria,maria@hotmail,Mouse,Eletronicos,1,2106.0,2026-08-04
544,Pedro,pedro@gmail,Cadeira,Moveis,2,1985.0,2026-09-04
545,Lucas,lucas@gmail,Teclado,Eletronicos,2,251.0,2026-02-11
546,Maria,maria@yahoo,Monitor,Eletronicos,3,2768.0,2026-09-12
547,Carlos,carlos@hotmail,Cadeira,Moveis,2,903.0,2026-09-23
548,Bruno,bruno@outlook,Mesa,Moveis,1,2152.0,2026-01-17
549,Maria,maria@outlook,Headset,Eletronicos,1,1358.0,2026-05-01
550,Julia,julia@outlook,Mesa,Moveis,1,1732.0,2026-07-09
551,Bruno,bruno@hotmail,Cadeira,Moveis,1,2441.0,2026-03-11
552,Carlos,carlos@outlook,Sofá,Moveis,3,3041.0,2026-06-08
553,Carlos,carlos@gmail,Headset,Eletronicos,1,2579.0,2026-10-23
554,Joao,joao@yahoo,Cama,Moveis,2,1663.0,2026-04-09
555,Carlos,carlos@yahoo,Notebook,Eletronicos,2,647.0,2026-12-13
556,Fernanda,fernanda@gmail,Teclado,Eletronicos,2,1120.0,2026-01-24
557,Marcos,marcos@yahoo,Armário,Moveis,2,923.0,2026-02-24
558,Fernanda,fernanda@gmail,Notebook,Eletronicos,1,846.0,2026-05-02
559,Maria,maria@yahoo,Cama,Moveis,1,1318.0,2026-06-06
560,Julia,julia@outlook,TV,Eletronicos,1,3092.0,2026-01-22
561,Fernanda,fernanda@gmail,Mesa,Moveis,1,3530.0,2026-03-01
562,Joao,joao@yahoo,Armário,Moveis,2,2508.0,2026-05-10
563,Bruno,bruno@hotmail,Armário,Moveis,1,1689.0,2026-09-25
564,Fernanda,fernanda@gmail,Cadeira,Moveis,2,1845.0,2026-06-06
565,Fernanda,fernanda@outlook,Armário,Moveis,2,2527.0,2026-03-19
566,Marcos,marcos@outlook,Notebook,Eletronicos,1,1158.0,2026-04-11
567,Bruno,bruno@hotmail,Sofá,Moveis,3,2321.0,2026-07-21
568,Joao,joao@yahoo,Armário,Moveis,2,252.0,2026-04-07
569,Pedro,pedro@outlook,Notebook,Eletronicos,2,2594.0,2026-10-12
570,Carlos,carlos@gmail,Mesa,Moveis,2,1499.0,2026-10-10
571,Marcos,marcos@gmail,TV,Eletronicos,3,2121.0,2026-06-03
572,Fernanda,fernanda@outlook,Notebook,Eletronicos,3,3276.0,2026-08-10
573,Pedro,pedro@hotmail,TV,Eletronicos,2,2948.0,2026-02-07
574,Maria,maria@outlook,Cadeira,Moveis,3,491.0,2026-04-07
575,Ana,,Mouse,Eletronicos,3,2977.0,2026-02-02
576,Marcos,marcos@outlook,Cama,Moveis,1,2026.0,2026-08-16
577,Pedro,pedro@hotmail,Headset,Eletronicos,3,624.0,2026-01-21
578,Joao,joao@yahoo,Cadeira,Moveis,2,2751.0,2026-09-03
579,Marcos,marcos@outlook,Mesa,Moveis,1,362.0,2026-05-04
580,Joao,joao@outlook,Notebook,Eletronicos,3,373.0,2026-03-06
581,Fernanda,fernanda@yahoo,Cama,Moveis,1,682.0,2026-06-09
582,Marcos,marcos@gmail,Sofá,Moveis,3,798.0,2026-01-09
583,Joao,joao@yahoo,Cama,Moveis,3,675.0,2026-09-23
584,Carlos,carlos@hotmail,Mesa,Moveis,2,2017.0,2026-10-20
585,Lucas,lucas@gmail,Cadeira,Moveis,2,3063.0,2026-09-09
586,Joao,joao@hotmail,Cama,Moveis,2,181.0,2026-09-21
587,Marcos,marcos@hotmail,Mesa,Moveis,2,1189.0,2026-01-24
588,Maria,maria@gmail,TV,Eletronicos,2,3507.0,2026-03-25
589,Marcos,marcos@outlook,Monitor,Eletronicos,3,806.0,2026-07-10
590,Bruno,bruno@outlook,Cadeira,Moveis,3,467.0,2026-04-18
591,Fernanda,fernanda@hotmail,Headset,Eletronicos,1,2787.0,2026-01-20
592,Ana,,Notebook,Eletronicos,1,3518.0,2026-05-11
593,Maria,maria@gmail,Armário,Moveis,2,1184.0,2026-03-01
594,Carlos,carlos@hotmail,Sofá,Moveis,3,296.0,2026-10-06
595,Joao,joao@yahoo,Armário,Moveis,3,249.0,2026-02-23
596,Maria,maria@outlook,Mesa,Moveis,2,1627.0,2026-08-16
597,Bruno,bruno@yahoo,Sofá,Moveis,1,3140.0,2026-01-18
598,Fernanda,fernanda@yahoo,Mesa,Moveis,1,2005.0,2026-03-11
599,Joao,joao@gmail,Mesa,Moveis,3,2500.0,2026-06-16
600,Maria,maria@outlook,Sofá,Moveis,3,101.0,2026-05-09
601,Marcos,marcos@outlook,Cadeira,Moveis,1,291.0,2026-10-08
602,Fernanda,fernanda@hotmail,Mouse,Eletronicos,1,865.0,2026-08-04
603,Maria,maria@gmail,Notebook,Eletronicos,3,3527.0,2026-04-03
604,Carlos,carlos@outlook,Cadeira,Moveis,2,3128.0,2026-02-11
605,Marcos,marcos@yahoo,Mesa,Moveis,2,3140.0,2026-05-23
606,Marcos,marcos@gmail,Armário,Moveis,3,285.0,2026-08-21
607,Marcos,marcos@yahoo,Armário,Moveis,2,675.0,2026-09-18
608,Maria,maria@yahoo,Armário,Moveis,2,621.0,2026-06-19
609,Maria,maria@outlook,Cadeira,Moveis,2,3039.0,2026-06-16
610,Julia,julia@hotmail,Cadeira,Moveis,1,3588.0,2026-11-18
611,Maria,maria@hotmail,Headset,Eletronicos,2,1923.0,2026-07-14
612,Fernanda,fernanda@hotmail,Mesa,Moveis,3,2047.0,2026-06-04
613,Lucas,lucas@hotmail,Cadeira,Moveis,3,2385.0,2026-01-05
614,Marcos,marcos@hotmail,Mouse,Eletronicos,2,1290.0,2026-10-10
615,Ana,,Headset,Eletronicos,2,1351.0,2026-01-16
616,Maria,maria@hotmail,Cama,Moveis,3,543.0,2026-08-25
617,Bruno,bruno@outlook,Sofá,Moveis,2,1501.0,2026-03-14
618,Carlos,carlos@yahoo,TV,Eletronicos,1,1272.0,2026-08-13
619,Bruno,bruno@hotmail,Monitor,Eletronicos,1,3392.0,2026-03-05
620,Julia,julia@outlook,Sofá,Moveis,2,960.0,2026-07-24
621,Bruno,bruno@yahoo,Teclado,Eletronicos,1,2943.0,2026-03-23
622,Bruno,bruno@outlook,Monitor,Eletronicos,2,1185.0,2026-01-19
623,Ana,,TV,Eletronicos,2,3521.0,2026-02-22
624,Marcos,marcos@hotmail,Headset,Eletronicos,3,323.0,2026-11-06
625,Pedro,pedro@yahoo,TV,Eletronicos,1,216.0,2026-05-20
626,Maria,maria@outlook,Cama,Moveis,3,2146.0,2026-05-19
627,Fernanda,fernanda@hotmail,Armário,Moveis,2,2611.0,2026-12-24
628,Joao,joao@gmail,Armário,Moveis,3,442.0,2026-08-02
629,Fernanda,fernanda@hotmail,TV,Eletronicos,3,740.0,2026-09-01
630,Maria,maria@outlook,Cadeira,Moveis,3,1942.0,2026-01-20
631,Fernanda,fernanda@yahoo,TV,Eletronicos,2,1369.0,2026-08-23
632,Carlos,carlos@gmail,Sofá,Moveis,3,2740.0,2026-07-07
633,Maria,maria@gmail,Headset,Eletronicos,3,3341.0,2026-08-04
634,Marcos,marcos@outlook,Monitor,Eletronicos,3,1802.0,2026-04-06
635,Marcos,marcos@outlook,Cadeira,Moveis,2,1383.0,2026-07-01
636,Fernanda,fernanda@hotmail,TV,Eletronicos,2,2202.0,2026-03-24
637,Maria,maria@yahoo,Mesa,Moveis,2,1389.0,2026-09-01
638,Fernanda,fernanda@yahoo,Mesa,Moveis,2,3085.0,2026-02-03
639,Ana,,TV,Eletronicos,1,1866.0,2026-11-23
640,Marcos,marcos@gmail,TV,Eletronicos,3,3571.0,2026-09-22
641,Carlos,carlos@hotmail,Sofá,Moveis,2,1560.0,2026-12-09
642,Fernanda,fernanda@yahoo,Monitor,Eletronicos,2,2683.0,2026-12-16
643,Fernanda,fernanda@yahoo,Teclado,Eletronicos,1,629.0,2026-03-15
644,Maria,maria@outlook,Armário,Moveis,2,1660.0,2026-11-06
645,Bruno,bruno@outlook,Notebook,Eletronicos,2,893.0,2026-02-04
646,Carlos,carlos@gmail,Sofá,Moveis,2,2845.0,2026-08-05
647,Ana,,Armário,Moveis,3,2689.0,2026-07-20
648,Ana,,Cadeira,Moveis,1,2447.0,2026-03-21
649,Marcos,marcos@yahoo,Headset,Eletronicos,3,668.0,2026-10-09
650,Marcos,marcos@hotmail,Mesa,Moveis,2,410.0,2026-08-22
651,Carlos,carlos@outlook,Sofá,Moveis,3,173.0,2026-11-13
652,Ana,,Sofá,Moveis,1,255.0,2026-05-07
653,Carlos,carlos@gmail,Mesa,Moveis,2,2794.0,2026-12-23
654,Carlos,carlos@outlook,Armário,Moveis,2,118.0,2026-08-09
655,Julia,julia@hotmail,Cama,Moveis,2,3286.0,2026-12-19
656,Marcos,marcos@hotmail,Monitor,Eletronicos,3,1093.0,2026-03-07
657,Carlos,carlos@gmail,Mouse,Eletronicos,2,254.0,2026-12-20
658,Julia,julia@yahoo,Notebook,Eletronicos,1,2978.0,2026-10-10
659,Ana,,TV,Eletronicos,2,851.0,2026-01-24
660,Bruno,bruno@outlook,Monitor,Eletronicos,2,1056.0,2026-11-15
661,Maria,maria@outlook,Notebook,Eletronicos,1,1809.0,2026-03-24
662,Joao,joao@outlook,TV,Eletronicos,2,353.0,2026-04-23
663,Marcos,marcos@yahoo,Notebook,Eletronicos,3,3320.0,2026-07-13
664,Pedro,pedro@outlook,Headset,Eletronicos,1,1417.0,2026-04-18
665,Julia,julia@outlook,Mesa,Moveis,3,810.0,2026-08-19
666,Maria,maria@outlook,Headset,Eletronicos,2,3372.0,2026-10-07
667,Pedro,pedro@yahoo,Sofá,Moveis,1,2122.0,2026-12-13
668,Lucas,lucas@outlook,Mesa,Moveis,1,3187.0,2026-06-06
669,Marcos,marcos@hotmail,Mesa,Moveis,1,2493.0,2026-03-14
670,Julia,julia@gmail,Armário,Moveis,3,2090.0,2026-06-01
671,Marcos,marcos@yahoo,Mouse,Eletronicos,2,212.0,2026-02-18
672,Carlos,carlos@gmail,Cadeira,Moveis,1,718.0,2026-06-03
673,Maria,maria@hotmail,Cama,Moveis,3,291.0,2026-01-21
674,Marcos,marcos@gmail,Sofá,Moveis,3,2736.0,2026-10-21
675,Lucas,lucas@outlook,Mouse,Eletronicos,3,114.0,2026-04-15
676,Bruno,bruno@yahoo,Cama,Moveis,2,2167.0,2026-07-07
677,Julia,julia@outlook,Teclado,Eletronicos,2,1455.0,2026-09-19
678,Julia,julia@outlook,Headset,Eletronicos,2,2561.0,2026-09-07
679,Fernanda,fernanda@yahoo,Mouse,Eletronicos,1,1961.0,2026-03-09
680,Pedro,pedro@outlook,Notebook,Eletronicos,1,3309.0,2026-01-12
681,Carlos,carlos@gmail,Mouse,Eletronicos,1,942.0,2026-11-24
682,Joao,joao@gmail,Notebook,Eletronicos,2,1809.0,2026-07-17
683,Carlos,carlos@gmail,Cadeira,Moveis,3,2448.0,2026-10-13
684,Fernanda,fernanda@hotmail,Mouse,Eletronicos,2,608.0,2026-12-06
685,Marcos,marcos@gmail,Monitor,Eletronicos,2,2903.0,2026-03-13
686,Bruno,bruno@gmail,Monitor,Eletronicos,1,2109.0,2026-01-22
687,Bruno,bruno@gmail,Armário,Moveis,2,2456.0,2026-09-24
688,Bruno,bruno@gmail,Cadeira,Moveis,1,2193.0,2026-01-08
689,Carlos,carlos@yahoo,Cama,Moveis,2,1790.0,2026-06-16
690,Marcos,marcos@yahoo,Armário,Moveis,2,3572.0,2026-02-02
691,Joao,joao@hotmail,Headset,Eletronicos,3,456.0,2026-08-02
692,Fernanda,fernanda@hotmail,Monitor,Eletronicos,1,232.0,2026-07-06
693,Carlos,carlos@outlook,Armário,Moveis,1,1420.0,2026-03-02
694,Julia,julia@hotmail,TV,Eletronicos,3,1467.0,2026-10-14
695,Marcos,marcos@hotmail,Mesa,Moveis,2,825.0,2026-04-06
696,Pedro,pedro@outlook,TV,Eletronicos,2,3363.0,2026-06-15
697,Lucas,lucas@outlook,Monitor,Eletronicos,3,649.0,2026-06-13
698,Bruno,bruno@hotmail,Notebook,Eletronicos,3,3357.0,2026-09-06
699,Carlos,carlos@yahoo,Mesa,Moveis,1,2646.0,2026-08-10
700,Fernanda,fernanda@yahoo,Armário,Moveis,1,1589.0,2026-07-21
701,Ana,,Monitor,Eletronicos,3,451.0,2026-08-07
702,Bruno,bruno@outlook,Headset,Eletronicos,2,1350.0,2026-12-19
703,Fernanda,fernanda@outlook,Headset,Eletronicos,2,2475.0,2026-04-21
704,Pedro,pedro@yahoo,Headset,Eletronicos,1,3507.0,2026-09-10
705,Pedro,pedro@outlook,Cadeira,Moveis,3,2024.0,2026-04-24
706,Joao,joao@yahoo,Mesa,Moveis,1,3223.0,2026-10-15
707,Joao,joao@gmail,Mouse,Eletronicos,1,1429.0,2026-08-16
708,Joao,joao@hotmail,Armário,Moveis,1,1755.0,2026-12-04
709,Ana,,Sofá,Moveis,3,1788.0,2026-06-08
710,Pedro,pedro@outlook,Sofá,Moveis,3,2855.0,2026-11-16
711,Pedro,pedro@outlook,Cama,Moveis,3,2307.0,2026-01-13
712,Maria,maria@gmail,Notebook,Eletronicos,3,1721.0,2026-09-05
713,Pedro,pedro@hotmail,Armário,Moveis,3,2854.0,2026-06-09
714,Carlos,carlos@hotmail,Notebook,Eletronicos,3,2635.0,2026-12-06
715,Lucas,lucas@hotmail,Sofá,Moveis,3,3466.0,2026-06-20
716,Maria,maria@hotmail,Teclado,Eletronicos,3,1527.0,2026-10-09
717,Ana,,Cadeira,Moveis,1,2490.0,2026-05-15
718,Bruno,bruno@yahoo,Mouse,Eletronicos,2,2230.0,2026-04-24
719,Joao,joao@hotmail,Cadeira,Moveis,3,3541.0,2026-07-20
720,Joao,joao@yahoo,Armário,Moveis,2,2004.0,2026-05-22
721,Lucas,lucas@yahoo,Headset,Eletronicos,3,3533.0,2026-06-20
722,Lucas,lucas@yahoo,Mouse,Eletronicos,2,920.0,2026-03-23
723,Marcos,marcos@yahoo,Notebook,Eletronicos,3,2920.0,2026-05-17
724,Joao,joao@gmail,Notebook,Eletronicos,3,937.0,2026-06-03
725,Lucas,lucas@yahoo,Mesa,Moveis,3,550.0,2026-01-12
726,Maria,maria@yahoo,Cadeira,Moveis,3,3002.0,2026-01-12
727,Pedro,pedro@yahoo,Cama,Moveis,2,2252.0,2026-11-21
728,Joao,joao@gmail,Teclado,Eletronicos,2,3592.0,2026-07-11
729,Maria,maria@hotmail,Mouse,Eletronicos,3,1029.0,2026-03-09
730,Carlos,carlos@yahoo,Sofá,Moveis,1,1567.0,2026-03-15
731,Fernanda,fernanda@yahoo,Teclado,Eletronicos,1,924.0,2026-05-01
732,Marcos,marcos@yahoo,Mouse,Eletronicos,2,2477.0,2026-06-22
733,Joao,joao@hotmail,Notebook,Eletronicos,1,2023.0,2026-06-20
734,Ana,,Armário,Moveis,3,3372.0,2026-04-17
735,Julia,julia@outlook,Cadeira,Moveis,3,617.0,2026-11-07
736,Lucas,lucas@outlook,Headset,Eletronicos,2,3167.0,2026-02-11
737,Carlos,carlos@gmail,Cama,Moveis,3,2943.0,2026-08-16
738,Maria,maria@gmail,Sofá,Moveis,1,2008.0,2026-12-14
739,Maria,maria@hotmail,Notebook,Eletronicos,2,1066.0,2026-10-08
740,Carlos,carlos@gmail,Monitor,Eletronicos,3,2734.0,2026-11-16
741,Lucas,lucas@yahoo,Cama,Moveis,3,2482.0,2026-09-22
742,Carlos,carlos@yahoo,Headset,Eletronicos,3,1811.0,2026-04-20
743,Bruno,bruno@gmail,Armário,Moveis,3,2327.0,2026-09-02
744,Bruno,bruno@outlook,Mesa,Moveis,1,2878.0,2026-02-20
745,Julia,julia@outlook,Mesa,Moveis,3,2831.0,2026-11-04
746,Joao,joao@yahoo,Mouse,Eletronicos,3,850.0,2026-11-23
747,Lucas,lucas@gmail,Cama,Moveis,1,2177.0,2026-04-14
748,Ana,,Monitor,Eletronicos,1,2904.0,2026-06-23
749,Ana,,Cadeira,Moveis,3,767.0,2026-04-01
750,Bruno,bruno@outlook,Cadeira,Moveis,1,632.0,2026-09-06
751,Joao,joao@gmail,Cama,Moveis,1,2567.0,2026-12-15
752,Fernanda,fernanda@hotmail,Headset,Eletronicos,3,2624.0,2026-07-10
753,Julia,julia@yahoo,Notebook,Eletronicos,3,3349.0,2026-03-06
754,Carlos,carlos@yahoo,Cama,Moveis,1,3170.0,2026-06-16
755,Pedro,pedro@yahoo,Sofá,Moveis,2,1386.0,2026-08-11
756,Marcos,marcos@yahoo,Teclado,Eletronicos,1,2789.0,2026-02-07
757,Maria,maria@yahoo,Mouse,Eletronicos,3,113.0,2026-05-10
758,Carlos,carlos@gmail,Mesa,Moveis,2,2319.0,2026-07-24
759,Lucas,lucas@outlook,Cama,Moveis,1,2345.0,2026-12-01
760,Maria,maria@outlook,Armário,Moveis,3,1543.0,2026-02-17
761,Carlos,carlos@hotmail,Armário,Moveis,3,752.0,2026-09-23
762,Ana,,Monitor,Eletronicos,2,2679.0,2026-07-25
763,Joao,joao@yahoo,Headset,Eletronicos,2,1192.0,2026-04-11
764,Pedro,pedro@gmail,Sofá,Moveis,2,2127.0,2026-07-04
765,Julia,julia@yahoo,Armário,Moveis,3,2229.0,2026-07-17
766,Joao,joao@hotmail,Mesa,Moveis,1,2215.0,2026-10-07
767,Carlos,carlos@hotmail,Teclado,Eletronicos,2,3292.0,2026-09-16
768,Fernanda,fernanda@yahoo,Armário,Moveis,1,228.0,2026-09-17
769,Pedro,pedro@hotmail,Monitor,Eletronicos,3,3217.0,2026-07-21
770,Bruno,bruno@outlook,Mouse,Eletronicos,3,2343.0,2026-09-21
771,Pedro,pedro@yahoo,Cadeira,Moveis,2,1640.0,2026-02-03
772,Pedro,pedro@outlook,Cama,Moveis,3,938.0,2026-09-17
773,Bruno,bruno@outlook,Teclado,Eletronicos,2,2747.0,2026-06-17
774,Marcos,marcos@outlook,Sofá,Moveis,1,1977.0,2026-02-08
775,Marcos,marcos@hotmail,Cama,Moveis,3,3081.0,2026-07-06
776,Lucas,lucas@hotmail,Monitor,Eletronicos,3,1082.0,2026-06-06
777,Pedro,pedro@gmail,Cadeira,Moveis,1,107.0,2026-07-10
778,Julia,julia@outlook,Notebook,Eletronicos,1,3163.0,2026-11-24
779,Lucas,lucas@yahoo,Mouse,Eletronicos,3,1718.0,2026-01-17
780,Pedro,pedro@yahoo,Armário,Moveis,3,2368.0,2026-04-13
781,Maria,maria@outlook,Headset,Eletronicos,1,1474.0,2026-02-12
782,Joao,joao@outlook,Cama,Moveis,1,845.0,2026-04-12
783,Marcos,marcos@hotmail,Mouse,Eletronicos,3,1288.0,2026-06-14
784,Fernanda,fernanda@hotmail,Cadeira,Moveis,2,1170.0,2026-12-20
785,Maria,maria@yahoo,Headset,Eletronicos,3,823.0,2026-03-17
786,Maria,maria@hotmail,Armário,Moveis,3,1534.0,2026-12-06
787,Pedro,pedro@gmail,Cama,Moveis,2,706.0,2026-09-23
788,Ana,,Headset,Eletronicos,1,2050.0,2026-12-25
789,Joao,joao@hotmail,Cadeira,Moveis,3,874.0,2026-11-15
790,Pedro,pedro@gmail,Teclado,Eletronicos,3,2566.0,2026-02-22
791,Ana,,Mouse,Eletronicos,2,392.0,2026-11-17
792,Bruno,bruno@hotmail,Notebook,Eletronicos,1,992.0,2026-06-05
793,Maria,maria@hotmail,Cama,Moveis,1,2744.0,2026-01-08
794,Bruno,bruno@outlook,Armário,Moveis,3,346.0,2026-09-21
795,Fernanda,fernanda@yahoo,Cama,Moveis,1,2603.0,2026-06-07
796,Lucas,lucas@yahoo,Mesa,Moveis,3,135.0,2026-02-20
797,Pedro,pedro@hotmail,Cadeira,Moveis,1,145.0,2026-09-03
798,Fernanda,fernanda@outlook,Headset,Eletronicos,2,2789.0,2026-06-04
799,Fernanda,fernanda@outlook,Notebook,Eletronicos,3,2466.0,2026-04-22
800,Ana,,Cadeira,Moveis,3,3007.0,2026-10-09
801,Pedro,pedro@hotmail,Teclado,Eletronicos,2,756.0,2026-12-18
802,Bruno,bruno@hotmail,Sofá,Moveis,1,756.0,2026-03-24
803,Lucas,lucas@hotmail,Monitor,Eletronicos,2,3097.0,2026-08-03
804,Maria,maria@outlook,Notebook,Eletronicos,3,677.0,2026-08-05
805,Carlos,carlos@gmail,Headset,Eletronicos,2,2109.0,2026-01-07
806,Lucas,lucas@yahoo,Mesa,Moveis,1,718.0,2026-03-02
807,Marcos,marcos@outlook,Teclado,Eletronicos,2,1089.0,2026-11-20
808,Bruno,bruno@outlook,Mouse,Eletronicos,3,644.0,2026-07-17
809,Fernanda,fernanda@gmail,Sofá,Moveis,1,1069.0,2026-04-19
810,Pedro,pedro@outlook,Armário,Moveis,2,1379.0,2026-10-14
811,Marcos,marcos@outlook,Monitor,Eletronicos,2,3169.0,2026-03-19
812,Fernanda,fernanda@yahoo,Sofá,Moveis,2,1337.0,2026-08-11
813,Fernanda,fernanda@yahoo,Cadeira,Moveis,3,1435.0,2026-01-08
814,Ana,,Teclado,Eletronicos,2,976.0,2026-01-14
815,Marcos,marcos@outlook,Cadeira,Moveis,1,178.0,2026-03-03
816,Ana,,Cama,Moveis,3,2831.0,2026-10-01
817,Ana,,Cama,Moveis,1,755.0,2026-01-23
818,Julia,julia@yahoo,Armário,Moveis,2,1880.0,2026-11-02
819,Bruno,bruno@yahoo,TV,Eletronicos,1,1735.0,2026-07-08
820,Julia,julia@gmail,Mouse,Eletronicos,1,1190.0,2026-01-08
821,Marcos,marcos@yahoo,Monitor,Eletronicos,1,2594.0,2026-11-25
822,Ana,,Headset,Eletronicos,1,1235.0,2026-08-19
823,Pedro,pedro@outlook,Cama,Moveis,2,1261.0,2026-12-06
824,Maria,maria@outlook,Mouse,Eletronicos,2,1347.0,2026-05-02
825,Joao,joao@outlook,Armário,Moveis,1,2711.0,2026-11-09
826,Pedro,pedro@outlook,Armário,Moveis,2,2638.0,2026-12-11
827,Bruno,bruno@hotmail,Headset,Eletronicos,1,1779.0,2026-05-07
828,Marcos,marcos@hotmail,Teclado,Eletronicos,3,1305.0,2026-07-14
829,Joao,joao@yahoo,Mesa,Moveis,2,3255.0,2026-02-08
830,Lucas,lucas@yahoo,Mouse,Eletronicos,3,2313.0,2026-08-06
831,Joao,joao@outlook,Teclado,Eletronicos,2,2537.0,2026-06-12
832,Joao,joao@hotmail,Armário,Moveis,2,1976.0,2026-05-10
833,Lucas,lucas@hotmail,Mesa,Moveis,3,3513.0,2026-10-13
834,Pedro,pedro@gmail,Armário,Moveis,3,1719.0,2026-11-17
835,Marcos,marcos@gmail,Teclado,Eletronicos,1,3468.0,2026-03-08
836,Carlos,carlos@hotmail,TV,Eletronicos,2,637.0,2026-10-25
837,Maria,maria@outlook,Headset,Eletronicos,2,2973.0,2026-06-17
838,Pedro,pedro@gmail,Armário,Moveis,2,1564.0,2026-09-19
839,Fernanda,fernanda@outlook,Headset,Eletronicos,3,535.0,2026-01-18
840,Lucas,lucas@gmail,Mesa,Moveis,3,276.0,2026-11-16
841,Pedro,pedro@hotmail,Headset,Eletronicos,3,148.0,2026-07-15
842,Pedro,pedro@hotmail,TV,Eletronicos,1,2100.0,2026-03-18
843,Marcos,marcos@outlook,Armário,Moveis,3,2055.0,2026-07-08
844,Pedro,pedro@hotmail,Sofá,Moveis,1,1616.0,2026-10-12
845,Julia,julia@outlook,TV,Eletronicos,2,205.0,2026-11-24
846,Ana,,Headset,Eletronicos,2,3360.0,2026-04-18
847,Pedro,pedro@hotmail,TV,Eletronicos,1,1087.0,2026-02-05
848,Ana,,TV,Eletronicos,3,809.0,2026-06-17
849,Joao,joao@yahoo,Armário,Moveis,2,1809.0,2026-05-04
850,Joao,joao@yahoo,Cadeira,Moveis,2,2788.0,2026-08-03
851,Joao,joao@yahoo,Monitor,Eletronicos,3,2187.0,2026-08-16
852,Bruno,bruno@gmail,TV,Eletronicos,3,2824.0,2026-07-13
853,Fernanda,fernanda@gmail,Headset,Eletronicos,2,2323.0,2026-05-22
854,Bruno,bruno@gmail,Monitor,Eletronicos,3,3311.0,2026-03-20
855,Marcos,marcos@yahoo,Mesa,Moveis,3,2160.0,2026-07-12
856,Ana,,Notebook,Eletronicos,1,2092.0,2026-02-18
857,Lucas,lucas@hotmail,Notebook,Eletronicos,1,2280.0,2026-07-08
858,Marcos,marcos@gmail,Armário,Moveis,3,3105.0,2026-02-05
859,Carlos,carlos@yahoo,Cama,Moveis,3,2557.0,2026-10-13
860,Julia,julia@gmail,Headset,Eletronicos,3,1557.0,2026-05-18
861,Pedro,pedro@outlook,Teclado,Eletronicos,2,2951.0,2026-04-06
862,Ana,,Teclado,Eletronicos,1,1002.0,2026-04-07
863,Ana,,Sofá,Moveis,2,1715.0,2026-10-11
864,Ana,,Cadeira,Moveis,1,1540.0,2026-03-16
865,Maria,maria@gmail,TV,Eletronicos,3,2424.0,2026-03-12
866,Fernanda,fernanda@gmail,Cadeira,Moveis,2,331.0,2026-05-10
867,Fernanda,fernanda@hotmail,Armário,Moveis,1,1705.0,2026-01-04
868,Carlos,carlos@gmail,Teclado,Eletronicos,2,2776.0,2026-09-06
869,Ana,,Sofá,Moveis,2,2860.0,2026-09-23
870,Pedro,pedro@gmail,Notebook,Eletronicos,1,2012.0,2026-06-15
871,Ana,,Mouse,Eletronicos,3,1063.0,2026-09-20
872,Ana,,Armário,Moveis,3,1702.0,2026-09-01
873,Pedro,pedro@outlook,Mesa,Moveis,3,638.0,2026-08-19
874,Fernanda,fernanda@yahoo,Armário,Moveis,3,1380.0,2026-02-10
875,Joao,joao@hotmail,Cadeira,Moveis,2,3194.0,2026-06-05
876,Ana,,Notebook,Eletronicos,1,1801.0,2026-10-19
877,Maria,maria@outlook,Sofá,Moveis,2,1778.0,2026-10-14
878,Maria,maria@yahoo,Notebook,Eletronicos,3,563.0,2026-05-06
879,Fernanda,fernanda@outlook,Cadeira,Moveis,1,1937.0,2026-10-06
880,Lucas,lucas@outlook,Teclado,Eletronicos,1,1585.0,2026-12-05
881,Bruno,bruno@yahoo,Cama,Moveis,1,2661.0,2026-06-10
882,Bruno,bruno@gmail,Mesa,Moveis,1,3494.0,2026-07-13
883,Julia,julia@yahoo,Cama,Moveis,1,1073.0,2026-07-17
884,Joao,joao@outlook,Cama,Moveis,2,919.0,2026-03-21
885,Pedro,pedro@yahoo,TV,Eletronicos,1,1315.0,2026-05-02
886,Maria,maria@gmail,Monitor,Eletronicos,2,1212.0,2026-09-01
887,Pedro,pedro@gmail,Teclado,Eletronicos,1,1433.0,2026-04-24
888,Marcos,marcos@yahoo,Cama,Moveis,3,3546.0,2026-08-22
889,Pedro,pedro@yahoo,Cadeira,Moveis,3,2762.0,2026-09-03
890,Maria,maria@outlook,Mouse,Eletronicos,2,1861.0,2026-10-03
891,Ana,,Cama,Moveis,2,2745.0,2026-05-22
892,Joao,joao@yahoo,Teclado,Eletronicos,3,2871.0,2026-02-01
893,Joao,joao@hotmail,Sofá,Moveis,1,2533.0,2026-05-19
894,Fernanda,fernanda@hotmail,Cama,Moveis,1,182.0,2026-02-09
895,Pedro,pedro@outlook,Cama,Moveis,2,1754.0,2026-07-04
896,Julia,julia@outlook,Armário,Moveis,1,3201.0,2026-02-16
897,Maria,maria@gmail,Notebook,Eletronicos,3,2817.0,2026-06-03
898,Joao,joao@gmail,Mouse,Eletronicos,3,582.0,2026-02-19
899,Joao,joao@hotmail,Monitor,Eletronicos,3,1848.0,2026-01-25
900,Ana,,Teclado,Eletronicos,2,1633.0,2026-02-18
901,Lucas,lucas@hotmail,Teclado,Eletronicos,3,3108.0,2026-05-21
902,Julia,julia@outlook,Cadeira,Moveis,2,522.0,2026-04-14
903,Ana,,Mouse,Eletronicos,3,2129.0,2026-07-23
904,Julia,julia@outlook,Cadeira,Moveis,2,2750.0,2026-12-19
905,Bruno,bruno@outlook,Headset,Eletronicos,2,1725.0,2026-07-18
906,Ana,,Armário,Moveis,1,3161.0,2026-03-11
907,Carlos,carlos@hotmail,Teclado,Eletronicos,1,739.0,2026-10-10
908,Julia,julia@outlook,Cadeira,Moveis,1,3520.0,2026-08-06
909,Maria,maria@gmail,Mesa,Moveis,2,2377.0,2026-12-25
910,Pedro,pedro@yahoo,Teclado,Eletronicos,2,728.0,2026-08-12
911,Julia,julia@hotmail,Monitor,Eletronicos,1,2878.0,2026-09-02
912,Lucas,lucas@outlook,Sofá,Moveis,1,600.0,2026-08-23
913,Joao,joao@yahoo,Monitor,Eletronicos,3,203.0,2026-06-19
914,Carlos,carlos@outlook,TV,Eletronicos,3,298.0,2026-05-24
915,Fernanda,fernanda@hotmail,Headset,Eletronicos,1,2965.0,2026-04-16
916,Julia,julia@gmail,Sofá,Moveis,1,3593.0,2026-02-10
917,Carlos,carlos@hotmail,Teclado,Eletronicos,3,2464.0,2026-07-13
918,Ana,,Armário,Moveis,2,2703.0,2026-08-20
919,Julia,julia@hotmail,Sofá,Moveis,3,1208.0,2026-11-07
920,Fernanda,fernanda@outlook,Cama,Moveis,2,811.0,2026-09-12
921,Lucas,lucas@hotmail,Sofá,Moveis,1,3543.0,2026-02-09
922,Marcos,marcos@yahoo,TV,Eletronicos,3,296.0,2026-08-09
923,Carlos,carlos@gmail,Monitor,Eletronicos,2,1216.0,2026-03-25
924,Pedro,pedro@hotmail,Mesa,Moveis,2,991.0,2026-09-22
925,Fernanda,fernanda@hotmail,Mouse,Eletronicos,2,1412.0,2026-11-13
926,Joao,joao@hotmail,Cama,Moveis,3,1524.0,2026-06-22
927,Joao,joao@hotmail,Armário,Moveis,2,1904.0,2026-11-10
928,Carlos,carlos@gmail,Headset,Eletronicos,3,360.0,2026-11-19
929,Carlos,carlos@gmail,Cama,Moveis,1,764.0,2026-03-19
930,Pedro,pedro@yahoo,Monitor,Eletronicos,2,3143.0,2026-12-22
931,Lucas,lucas@outlook,Cama,Moveis,1,912.0,2026-11-18
932,Fernanda,fernanda@hotmail,TV,Eletronicos,2,2867.0,2026-06-13
933,Bruno,bruno@hotmail,Cadeira,Moveis,2,2730.0,2026-04-08
934,Joao,joao@outlook,Headset,Eletronicos,1,2574.0,2026-01-06
935,Fernanda,fernanda@gmail,Teclado,Eletronicos,1,1297.0,2026-11-23
936,Ana,,Sofá,Moveis,1,2555.0,2026-10-07
937,Carlos,carlos@gmail,Sofá,Moveis,3,1051.0,2026-09-14
938,Maria,maria@outlook,Cadeira,Moveis,3,3393.0,2026-01-14
939,Carlos,carlos@hotmail,Sofá,Moveis,1,1547.0,2026-04-02
940,Pedro,pedro@yahoo,Headset,Eletronicos,2,1693.0,2026-11-05
941,Maria,maria@outlook,Mouse,Eletronicos,2,2754.0,2026-11-07
942,Julia,julia@hotmail,Teclado,Eletronicos,2,522.0,2026-01-25
943,Fernanda,fernanda@hotmail,Notebook,Eletronicos,3,1928.0,2026-01-04
944,Bruno,bruno@gmail,Monitor,Eletronicos,1,2216.0,2026-10-15
945,Maria,maria@outlook,Mesa,Moveis,3,3544.0,2026-08-14
946,Fernanda,fernanda@hotmail,Headset,Eletronicos,1,1508.0,2026-04-12
947,Fernanda,fernanda@gmail,Mouse,Eletronicos,1,2290.0,2026-11-20
948,Maria,maria@outlook,Notebook,Eletronicos,3,2460.0,2026-10-13
949,Carlos,carlos@hotmail,Sofá,Moveis,2,2459.0,2026-03-14
950,Lucas,lucas@hotmail,Headset,Eletronicos,2,2892.0,2026-10-06
951,Marcos,marcos@yahoo,Sofá,Moveis,3,2953.0,2026-12-21
952,Lucas,lucas@hotmail,Mouse,Eletronicos,1,2118.0,2026-03-17
953,Pedro,pedro@gmail,Mouse,Eletronicos,3,2930.0,2026-12-01
954,Ana,,Notebook,Eletronicos,3,2772.0,2026-03-19
955,Fernanda,fernanda@gmail,Sofá,Moveis,3,460.0,2026-10-09
956,Joao,joao@outlook,Monitor,Eletronicos,2,1221.0,2026-10-23
957,Lucas,lucas@gmail,Cadeira,Moveis,1,502.0,2026-03-01
958,Pedro,pedro@outlook,Sofá,Moveis,1,2512.0,2026-04-05
959,Maria,maria@yahoo,Mouse,Eletronicos,1,2219.0,2026-04-12
960,Pedro,pedro@outlook,Sofá,Moveis,3,258.0,2026-06-02
961,Julia,julia@yahoo,Sofá,Moveis,2,1617.0,2026-09-23
962,Julia,julia@yahoo,Cadeira,Moveis,3,1870.0,2026-08-05
963,Maria,maria@gmail,Sofá,Moveis,3,1095.0,2026-07-05
964,Carlos,carlos@yahoo,Armário,Moveis,2,1316.0,2026-11-18
965,Maria,maria@hotmail,Teclado,Eletronicos,2,2763.0,2026-01-12
966,Bruno,bruno@outlook,Mesa,Moveis,3,613.0,2026-07-21
967,Bruno,bruno@outlook,Mesa,Moveis,2,295.0,2026-05-09
968,Pedro,pedro@hotmail,TV,Eletronicos,1,3359.0,2026-10-04
969,Carlos,carlos@outlook,Cama,Moveis,3,763.0,2026-12-21
970,Fernanda,fernanda@hotmail,Cama,Moveis,2,2414.0,2026-06-13
971,Bruno,bruno@hotmail,Headset,Eletronicos,1,3508.0,2026-01-22
972,Julia,julia@yahoo,Armário,Moveis,1,328.0,2026-09-11
973,Pedro,pedro@gmail,Sofá,Moveis,1,153.0,2026-08-24
974,Maria,maria@yahoo,TV,Eletronicos,3,2547.0,2026-08-14
975,Ana,,Cama,Moveis,3,185.0,2026-08-02
976,Lucas,lucas@hotmail,Cama,Moveis,1,3166.0,2026-10-01
977,Julia,julia@gmail,Cadeira,Moveis,3,802.0,2026-11-07
978,Fernanda,fernanda@gmail,Mesa,Moveis,3,2940.0,2026-05-12
979,Lucas,lucas@gmail,Sofá,Moveis,3,1778.0,2026-07-19
980,Marcos,marcos@yahoo,Notebook,Eletronicos,1,3194.0,2026-05-14
981,Fernanda,fernanda@gmail,Sofá,Moveis,2,3041.0,2026-01-24
982,Pedro,pedro@yahoo,Notebook,Eletronicos,3,119.0,2026-05-09
983,Maria,maria@outlook,Cama,Moveis,1,568.0,2026-11-06
984,Lucas,lucas@yahoo,Sofá,Moveis,1,1683.0,2026-04-02
985,Lucas,lucas@outlook,Armário,Moveis,1,2414.0,2026-12-21
986,Lucas,lucas@hotmail,Headset,Eletronicos,1,2723.0,2026-05-04
987,Marcos,marcos@hotmail,Cama,Moveis,3,1386.0,2026-07-20
988,Pedro,pedro@outlook,TV,Eletronicos,2,1685.0,2026-09-20
989,Julia,julia@yahoo,Teclado,Eletronicos,2,2030.0,2026-10-16
990,Marcos,marcos@gmail,Armário,Moveis,1,2773.0,2026-04-21
991,Carlos,carlos@outlook,Mouse,Eletronicos,2,2897.0,2026-08-08
992,Carlos,carlos@yahoo,Cama,Moveis,1,1177.0,2026-03-12
993,Ana,,Cama,Moveis,2,3176.0,2026-10-10
994,Marcos,marcos@outlook,Cadeira,Moveis,2,1303.0,2026-10-16
995,Fernanda,fernanda@outlook,Monitor,Eletronicos,3,124.0,2026-09-19
996,Carlos,carlos@outlook,Cadeira,Moveis,1,1990.0,2026-11-06
997,Julia,julia@yahoo,Armário,Moveis,2,2005.0,2026-08-03
998,Bruno,bruno@gmail,Sofá,Moveis,1,1193.0,2026-08-09
999,Joao,joao@yahoo,Mouse,Eletronicos,3,3311.0,2026-10-04
1000,Bruno,bruno@gmail,Mesa,Moveis,1,1709.0,2026-07-08
